-- phpMyAdmin SQL Dump
-- version 4.0.9
-- http://www.phpmyadmin.net
--
-- Počítač: localhost
-- Vygenerováno: Stř 13. kvě 2020, 20:03
-- Verze serveru: 5.6.14
-- Verze PHP: 5.5.6

SET SQL_MODE = "NO_AUTO_VALUE_ON_ZERO";
SET time_zone = "+00:00";


/*!40101 SET @OLD_CHARACTER_SET_CLIENT=@@CHARACTER_SET_CLIENT */;
/*!40101 SET @OLD_CHARACTER_SET_RESULTS=@@CHARACTER_SET_RESULTS */;
/*!40101 SET @OLD_COLLATION_CONNECTION=@@COLLATION_CONNECTION */;
/*!40101 SET NAMES utf8 */;

--
-- Databáze: `market`
--

DELIMITER $$
--
-- Procedury
--
CREATE DEFINER=`root`@`localhost` PROCEDURE `getAllComputerModels`()
    NO SQL
SELECT DISTINCT model FROM `Computer`$$

CREATE DEFINER=`root`@`localhost` PROCEDURE `selectComputers`(IN `C_ID` INT, IN `B_ID` VARCHAR(255), IN `M_ID` VARCHAR(255), IN `MODEL` VARCHAR(50), IN `MIN_P` INT, IN `MAX_P` INT, IN `MIN_S` INT, IN `MAX_S` INT, IN `T_ID` INT, IN `S_ID` INT)
    NO SQL
SELECT c.ComputerId, b.Name as 'Brand' , m.Name, c.Model as 'Model', c.Price, c.screenSize, t.Value, s.Value 
FROM Computer c 
INNER JOIN 
		Brand b on c.BrandID = b.BrandID

INNER JOIN 
		Country m on c.MadeIn = m.CountryID

INNER JOIN 
		ComputerType t on if(T_ID is not null and T_ID != 0, t.TypeId = T_ID and c.type = t.typeid, c.type = t.typeId)

INNER JOIN 
		Status s on if(S_ID is not null and S_ID != 0, s.statusid = S_ID and c.status = s.statusid, c.status = s.statusid)

WHERE if(C_ID is not null, C_ID = c.ComputerID, c.ComputerID) 
  		 and
        	if(MODEL is not null and MODEL != '', c.model = MODEL, true)
         and
         	if(MIN_P is not null, MIN_P <= c.Price, c.Price)
		 and
         	if(MAX_P is not null and MAX_P != 0, MAX_P >= c.Price, c.Price)
         and
         	if(MIN_S is not null, MIN_S <= c.ScreenSize, c.ScreenSize)
		 and
         	if(MAX_S is not null and MAX_S != 0, MAX_S >= c.ScreenSize, c.ScreenSize)
		
#kolekce
		 and
			if(B_ID is not null, find_in_set(c.BrandId, B_ID) > 0, 1)  
   		 and
			if(M_ID is not null, find_in_set(c.MadeIn, M_ID) > 0, 1)

order by c.ComputerID$$

DELIMITER ;

-- --------------------------------------------------------

--
-- Struktura tabulky `Brand`
--

CREATE TABLE IF NOT EXISTS `Brand` (
  `BrandID` int(11) NOT NULL AUTO_INCREMENT,
  `Name` varchar(50) DEFAULT NULL,
  PRIMARY KEY (`BrandID`)
) ENGINE=InnoDB  DEFAULT CHARSET=latin1 AUTO_INCREMENT=8 ;

--
-- Vypisuji data pro tabulku `Brand`
--

INSERT INTO `Brand` (`BrandID`, `Name`) VALUES
(1, 'Lenovo'),
(2, 'Dell'),
(3, 'Acer'),
(4, 'Apple'),
(5, 'Asus'),
(6, 'Alienware'),
(7, 'HP');

-- --------------------------------------------------------

--
-- Struktura tabulky `Computer`
--

CREATE TABLE IF NOT EXISTS `Computer` (
  `ComputerID` int(11) NOT NULL AUTO_INCREMENT,
  `BrandID` int(11) DEFAULT NULL,
  `MadeIn` int(11) DEFAULT NULL,
  `Model` varchar(50) DEFAULT NULL,
  `Price` int(11) DEFAULT NULL,
  `ScreenSize` int(11) DEFAULT NULL,
  `Type` int(11) DEFAULT NULL,
  `Status` int(11) DEFAULT NULL,
  PRIMARY KEY (`ComputerID`),
  KEY `fk_brandId` (`BrandID`),
  KEY `fk_madeIn` (`MadeIn`),
  KEY `fk_type` (`Type`),
  KEY `fk_status` (`Status`)
) ENGINE=InnoDB  DEFAULT CHARSET=latin1 AUTO_INCREMENT=1001 ;

--
-- Vypisuji data pro tabulku `Computer`
--

INSERT INTO `Computer` (`ComputerID`, `BrandID`, `MadeIn`, `Model`, `Price`, `ScreenSize`, `Type`, `Status`) VALUES
(1, 2, 6, 'Vagram', 2557, 23, 3, 3),
(2, 1, 6, 'Tres-Zap', 1646, 25, 2, 2),
(3, 6, 11, 'Flexidy', 2055, 23, 1, 2),
(4, 3, 3, 'Zamit', 662, 22, 3, 2),
(5, 4, 3, 'Cardguard', 2536, 23, 1, 1),
(6, 5, 5, 'Mat Lam Tam', 1386, 19, 1, 2),
(7, 6, 9, 'Bigtax', 1673, 25, 1, 3),
(8, 3, 9, 'Kanlam', 2698, 19, 3, 1),
(9, 4, 5, 'Zaam-Dox', 1974, 22, 3, 4),
(10, 2, 7, 'Toughjoyfax', 724, 21, 2, 1),
(11, 1, 8, 'Flowdesk', 2691, 18, 1, 4),
(12, 7, 5, 'Cardify', 2382, 19, 2, 3),
(13, 6, 6, 'It', 2276, 14, 2, 1),
(14, 7, 4, 'Prodder', 631, 22, 1, 2),
(15, 1, 9, 'Flowdesk', 2335, 25, 2, 1),
(16, 5, 1, 'Treeflex', 864, 25, 1, 1),
(17, 6, 9, 'Tempsoft', 2531, 13, 2, 4),
(18, 2, 8, 'Overhold', 867, 17, 3, 2),
(19, 3, 1, 'Bitchip', 2290, 24, 1, 1),
(20, 2, 5, 'Ronstring', 1390, 23, 1, 4),
(21, 6, 9, 'Konklux', 2204, 21, 3, 4),
(22, 5, 5, 'Quo Lux', 2678, 13, 3, 1),
(23, 6, 4, 'Matsoft', 2943, 13, 3, 4),
(24, 3, 3, 'Quo Lux', 1520, 17, 1, 2),
(25, 2, 1, 'Keylex', 1949, 21, 3, 1),
(26, 2, 4, 'Hatity', 2206, 25, 2, 3),
(27, 7, 2, 'Matsoft', 1557, 25, 1, 1),
(28, 7, 9, 'Konklab', 1583, 20, 3, 1),
(29, 4, 7, 'Tin', 572, 25, 1, 3),
(30, 7, 1, 'Biodex', 2549, 16, 1, 4),
(31, 1, 3, 'Latlux', 1680, 16, 2, 3),
(32, 7, 10, 'Fix San', 1108, 14, 1, 3),
(33, 5, 1, 'Treeflex', 2407, 18, 3, 4),
(34, 1, 11, 'Zathin', 1078, 27, 3, 2),
(35, 4, 1, 'Overhold', 1879, 23, 2, 3),
(36, 1, 5, 'Holdlamis', 2171, 21, 2, 1),
(37, 4, 9, 'Opela', 1994, 26, 1, 2),
(38, 5, 9, 'Temp', 1024, 18, 1, 3),
(39, 6, 11, 'Wrapsafe', 1728, 20, 3, 4),
(40, 3, 11, 'Job', 2345, 18, 3, 1),
(41, 4, 2, 'Viva', 2019, 25, 1, 4),
(42, 4, 4, 'Gembucket', 558, 20, 1, 2),
(43, 6, 10, 'Temp', 2621, 22, 3, 3),
(44, 3, 10, 'Regrant', 562, 22, 3, 2),
(45, 1, 6, 'Greenlam', 1735, 20, 1, 1),
(46, 4, 11, 'Ronstring', 1163, 18, 3, 2),
(47, 3, 3, 'Duobam', 2016, 25, 1, 4),
(48, 5, 6, 'Transcof', 1848, 21, 3, 4),
(49, 3, 6, 'Zamit', 2803, 27, 1, 4),
(50, 6, 7, 'Aerified', 991, 23, 3, 1),
(51, 2, 2, 'Wrapsafe', 2705, 27, 3, 3),
(52, 1, 2, 'Vagram', 1251, 19, 2, 1),
(53, 3, 7, 'Zamit', 2896, 23, 3, 3),
(54, 6, 10, 'Tempsoft', 966, 25, 2, 3),
(55, 6, 3, 'Fixflex', 2026, 19, 2, 1),
(56, 6, 11, 'Sonsing', 2145, 16, 3, 2),
(57, 6, 1, 'Cardguard', 736, 14, 1, 2),
(58, 5, 3, 'Matsoft', 1435, 25, 2, 3),
(59, 3, 1, 'Bitwolf', 933, 16, 1, 3),
(60, 7, 2, 'Voltsillam', 2009, 17, 2, 4),
(61, 3, 9, 'Tampflex', 1830, 24, 1, 4),
(62, 6, 7, 'Transcof', 558, 17, 1, 1),
(63, 6, 11, 'Vagram', 1730, 17, 1, 1),
(64, 7, 9, 'Stringtough', 953, 25, 2, 4),
(65, 4, 3, 'Stronghold', 2459, 25, 1, 1),
(66, 3, 6, 'Zontrax', 2593, 19, 1, 4),
(67, 4, 2, 'Sonsing', 953, 16, 1, 4),
(68, 6, 3, 'Mat Lam Tam', 2362, 17, 3, 2),
(69, 1, 1, 'Viva', 2237, 15, 1, 3),
(70, 7, 1, 'Ronstring', 1121, 17, 1, 2),
(71, 2, 8, 'Tin', 1234, 18, 2, 4),
(72, 4, 5, 'Zontrax', 1845, 26, 3, 2),
(73, 3, 6, 'Daltfresh', 1864, 25, 2, 3),
(74, 1, 5, 'Ventosanzap', 2516, 14, 2, 3),
(75, 1, 5, 'Opela', 1802, 20, 1, 4),
(76, 6, 9, 'Span', 572, 19, 1, 4),
(77, 7, 4, 'Sonair', 2497, 16, 3, 4),
(78, 4, 5, 'Rank', 2748, 16, 3, 2),
(79, 1, 4, 'Kanlam', 2578, 21, 3, 3),
(80, 7, 5, 'Domainer', 603, 13, 1, 3),
(81, 1, 11, 'Ronstring', 2262, 23, 2, 1),
(82, 7, 11, 'Stronghold', 2708, 18, 3, 4),
(83, 5, 7, 'Stronghold', 1422, 15, 3, 3),
(84, 5, 8, 'Andalax', 567, 24, 3, 1),
(85, 6, 1, 'Rank', 1681, 26, 1, 1),
(86, 6, 1, 'Voyatouch', 933, 17, 3, 4),
(87, 1, 3, 'Rank', 1584, 14, 2, 2),
(88, 1, 11, 'Daltfresh', 1408, 26, 1, 3),
(89, 3, 4, 'Konklab', 833, 24, 3, 2),
(90, 5, 8, 'Veribet', 1366, 20, 2, 3),
(91, 1, 1, 'Cardify', 789, 19, 2, 3),
(92, 3, 9, 'Hatity', 1768, 13, 1, 3),
(93, 6, 7, 'Zamit', 1176, 24, 2, 1),
(94, 4, 8, 'Solarbreeze', 1004, 13, 3, 3),
(95, 6, 1, 'Hatity', 2473, 16, 2, 2),
(96, 2, 1, 'Stronghold', 2323, 23, 1, 1),
(97, 5, 7, 'Tin', 2783, 15, 2, 1),
(98, 7, 8, 'Cardify', 644, 27, 2, 3),
(99, 6, 11, 'Treeflex', 1110, 17, 2, 4),
(100, 1, 3, 'Fintone', 1782, 22, 2, 2),
(101, 1, 5, 'Holdlamis', 561, 24, 3, 1),
(102, 4, 8, 'Zontrax', 2265, 16, 1, 1),
(103, 4, 6, 'Otcom', 1937, 23, 3, 3),
(104, 2, 9, 'Zathin', 2287, 13, 3, 3),
(105, 2, 8, 'Tresom', 763, 21, 2, 2),
(106, 6, 3, 'Bamity', 1082, 24, 1, 3),
(107, 2, 3, 'Bitwolf', 2822, 22, 3, 2),
(108, 4, 2, 'Subin', 589, 13, 3, 3),
(109, 5, 1, 'Wrapsafe', 1617, 22, 1, 4),
(110, 4, 7, 'Alphazap', 2731, 21, 1, 4),
(111, 3, 1, 'Zaam-Dox', 1015, 20, 2, 1),
(112, 6, 3, 'Ronstring', 1311, 13, 2, 2),
(113, 3, 4, 'Cookley', 2147, 24, 1, 1),
(114, 7, 9, 'Overhold', 1794, 22, 3, 2),
(115, 7, 1, 'Veribet', 1689, 27, 2, 2),
(116, 7, 9, 'Home Ing', 1779, 14, 3, 4),
(117, 1, 8, 'Tempsoft', 2487, 18, 3, 2),
(118, 4, 9, 'Bigtax', 645, 13, 3, 2),
(119, 6, 1, 'Sonair', 2888, 14, 1, 3),
(120, 2, 8, 'Transcof', 2104, 25, 1, 2),
(121, 3, 8, 'Pannier', 2607, 24, 3, 3),
(122, 5, 8, 'Ronstring', 972, 22, 2, 3),
(123, 4, 11, 'Tampflex', 2292, 20, 1, 4),
(124, 5, 1, 'Namfix', 2365, 18, 2, 3),
(125, 1, 2, 'Transcof', 1774, 13, 3, 1),
(126, 4, 5, 'Cardify', 2771, 21, 2, 4),
(127, 3, 6, 'Otcom', 2211, 25, 2, 2),
(128, 5, 11, 'Asoka', 716, 19, 1, 3),
(129, 1, 3, 'Daltfresh', 1536, 25, 2, 4),
(130, 2, 3, 'Wrapsafe', 2741, 16, 1, 1),
(131, 2, 10, 'Holdlamis', 1947, 20, 1, 1),
(132, 3, 5, 'Namfix', 2595, 18, 2, 2),
(133, 5, 4, 'Sonair', 779, 17, 3, 1),
(134, 4, 7, 'Span', 1213, 25, 3, 1),
(135, 4, 8, 'Bigtax', 2711, 23, 3, 4),
(136, 7, 5, 'Sonair', 1857, 19, 1, 2),
(137, 4, 3, 'Domainer', 951, 15, 3, 4),
(138, 3, 3, 'Sonsing', 1113, 14, 2, 2),
(139, 6, 8, 'Zoolab', 2919, 25, 3, 1),
(140, 5, 2, 'Voltsillam', 2578, 20, 2, 1),
(141, 5, 10, 'Zontrax', 1522, 25, 2, 3),
(142, 1, 4, 'Matsoft', 594, 25, 3, 3),
(143, 4, 9, 'It', 2392, 22, 1, 2),
(144, 4, 11, 'Cookley', 1949, 18, 1, 1),
(145, 1, 4, 'Gembucket', 1576, 24, 2, 4),
(146, 3, 3, 'Zamit', 1575, 20, 2, 2),
(147, 4, 6, 'Daltfresh', 1177, 26, 2, 1),
(148, 2, 9, 'Otcom', 1265, 20, 3, 2),
(149, 4, 4, 'Tin', 2952, 18, 1, 2),
(150, 3, 2, 'Bitchip', 1654, 13, 1, 2),
(151, 5, 7, 'Tempsoft', 2060, 23, 3, 4),
(152, 3, 1, 'Zathin', 537, 17, 1, 4),
(153, 7, 11, 'Opela', 2133, 21, 1, 1),
(154, 1, 2, 'Prodder', 1442, 22, 2, 2),
(155, 6, 8, 'Redhold', 1358, 17, 3, 3),
(156, 2, 5, 'Bitchip', 871, 14, 2, 2),
(157, 3, 5, 'Latlux', 1413, 13, 2, 3),
(158, 4, 10, 'Ventosanzap', 1918, 27, 2, 2),
(159, 7, 10, 'Ronstring', 1392, 21, 1, 4),
(160, 6, 8, 'Bitwolf', 1274, 20, 2, 2),
(161, 4, 4, 'Zoolab', 884, 24, 1, 3),
(162, 2, 8, 'Voyatouch', 1063, 24, 2, 3),
(163, 3, 3, 'Daltfresh', 940, 14, 3, 3),
(164, 4, 8, 'Kanlam', 2278, 27, 2, 1),
(165, 1, 10, 'Zathin', 598, 26, 1, 1),
(166, 7, 7, 'Fintone', 610, 15, 1, 3),
(167, 6, 11, 'Konklux', 1586, 23, 1, 1),
(168, 3, 4, 'Tres-Zap', 2815, 26, 2, 3),
(169, 1, 8, 'Lotlux', 852, 26, 2, 3),
(170, 5, 10, 'Fintone', 1615, 24, 1, 1),
(171, 1, 2, 'Rank', 721, 20, 1, 3),
(172, 2, 9, 'Holdlamis', 932, 21, 1, 3),
(173, 2, 10, 'Greenlam', 1695, 20, 1, 1),
(174, 6, 3, 'Fixflex', 1587, 17, 3, 3),
(175, 3, 8, 'Cardguard', 1400, 17, 3, 1),
(176, 3, 7, 'Asoka', 2461, 26, 3, 4),
(177, 5, 6, 'It', 1789, 23, 2, 3),
(178, 4, 3, 'Trippledex', 2954, 13, 2, 2),
(179, 1, 8, 'Flexidy', 793, 19, 1, 1),
(180, 3, 1, 'Alpha', 1727, 27, 2, 2),
(181, 2, 4, 'Transcof', 928, 17, 1, 1),
(182, 7, 7, 'Andalax', 1288, 17, 3, 4),
(183, 6, 3, 'Holdlamis', 2329, 25, 2, 4),
(184, 6, 9, 'Fintone', 1527, 27, 1, 1),
(185, 3, 1, 'Bitchip', 2027, 26, 3, 1),
(186, 1, 8, 'Vagram', 2590, 23, 1, 2),
(187, 4, 11, 'Redhold', 966, 13, 1, 3),
(188, 4, 11, 'Stim', 1761, 18, 2, 2),
(189, 3, 1, 'Tresom', 1775, 19, 1, 3),
(190, 1, 5, 'Bigtax', 2198, 13, 3, 2),
(191, 2, 5, 'Opela', 537, 15, 2, 4),
(192, 4, 4, 'Konklux', 2185, 19, 2, 1),
(193, 6, 6, 'It', 961, 23, 2, 4),
(194, 5, 1, 'Alphazap', 1682, 24, 3, 1),
(195, 5, 5, 'Fintone', 1474, 26, 3, 4),
(196, 1, 10, 'Namfix', 1256, 22, 2, 3),
(197, 1, 5, 'Voyatouch', 1758, 19, 3, 3),
(198, 4, 2, 'Fixflex', 1181, 25, 1, 3),
(199, 7, 5, 'Temp', 782, 26, 3, 4),
(200, 7, 3, 'Flexidy', 2854, 15, 3, 4),
(201, 7, 8, 'Matsoft', 1315, 22, 2, 1),
(202, 1, 2, 'Konklux', 2887, 27, 1, 3),
(203, 6, 7, 'Tampflex', 2242, 18, 1, 1),
(204, 4, 1, 'Bitchip', 2470, 20, 2, 3),
(205, 4, 7, 'Solarbreeze', 2758, 24, 2, 2),
(206, 7, 1, 'Konklux', 794, 18, 3, 4),
(207, 5, 3, 'Zontrax', 1226, 22, 2, 1),
(208, 1, 2, 'Cardguard', 1186, 13, 3, 2),
(209, 5, 7, 'Flexidy', 1146, 24, 3, 1),
(210, 3, 1, 'Greenlam', 2542, 26, 3, 1),
(211, 3, 10, 'Job', 2637, 27, 3, 4),
(212, 4, 8, 'Toughjoyfax', 1879, 15, 1, 2),
(213, 4, 9, 'Konklux', 725, 21, 1, 3),
(214, 4, 11, 'Aerified', 632, 15, 2, 4),
(215, 1, 6, 'Redhold', 2801, 27, 3, 3),
(216, 2, 3, 'Andalax', 1952, 21, 3, 2),
(217, 6, 3, 'Zamit', 2901, 13, 2, 4),
(218, 3, 2, 'Zathin', 838, 27, 1, 4),
(219, 1, 7, 'Y-find', 639, 14, 1, 4),
(220, 7, 1, 'Gembucket', 2624, 21, 3, 3),
(221, 1, 9, 'Veribet', 1402, 16, 1, 1),
(222, 4, 8, 'Prodder', 1948, 20, 2, 1),
(223, 5, 6, 'Voyatouch', 1429, 27, 1, 1),
(224, 4, 9, 'Tampflex', 597, 17, 1, 4),
(225, 3, 5, 'Toughjoyfax', 1044, 18, 1, 1),
(226, 4, 1, 'Alpha', 1624, 18, 3, 2),
(227, 3, 10, 'Subin', 2555, 25, 1, 4),
(228, 1, 8, 'Treeflex', 1736, 22, 1, 3),
(229, 6, 4, 'Sonsing', 2978, 13, 3, 2),
(230, 1, 4, 'Cookley', 519, 22, 2, 3),
(231, 3, 9, 'Fix San', 2695, 25, 1, 1),
(232, 7, 9, 'Konklab', 2397, 16, 2, 4),
(233, 3, 1, 'Duobam', 2582, 20, 1, 3),
(234, 4, 8, 'Zaam-Dox', 1751, 25, 2, 4),
(235, 1, 9, 'Tresom', 1168, 15, 1, 2),
(236, 7, 2, 'Opela', 846, 25, 3, 4),
(237, 7, 4, 'Redhold', 2883, 27, 1, 2),
(238, 5, 1, 'Bigtax', 2853, 25, 2, 1),
(239, 6, 2, 'Redhold', 1428, 16, 3, 4),
(240, 5, 7, 'Keylex', 2402, 15, 1, 3),
(241, 1, 1, 'Ventosanzap', 2495, 15, 3, 2),
(242, 3, 5, 'Lotlux', 2279, 18, 2, 3),
(243, 6, 2, 'Y-find', 2536, 21, 3, 4),
(244, 3, 5, 'Andalax', 2001, 15, 3, 3),
(245, 5, 10, 'Cardguard', 2364, 16, 2, 4),
(246, 7, 10, 'Namfix', 995, 14, 2, 2),
(247, 1, 2, 'Gembucket', 2339, 14, 2, 1),
(248, 7, 6, 'Bitwolf', 846, 17, 2, 4),
(249, 2, 11, 'Zontrax', 1089, 23, 1, 2),
(250, 4, 9, 'Otcom', 2223, 23, 3, 2),
(251, 1, 5, 'Zamit', 1537, 26, 1, 2),
(252, 1, 1, 'Gembucket', 1306, 22, 2, 4),
(253, 2, 1, 'Tin', 1062, 22, 1, 2),
(254, 6, 4, 'Sonair', 2694, 24, 2, 2),
(255, 2, 1, 'Kanlam', 788, 15, 1, 2),
(256, 3, 6, 'Job', 604, 23, 1, 4),
(257, 3, 5, 'Overhold', 2618, 26, 1, 1),
(258, 2, 5, 'Subin', 1496, 21, 3, 2),
(259, 2, 7, 'Bamity', 826, 16, 3, 3),
(260, 1, 8, 'Zoolab', 2817, 15, 1, 1),
(261, 3, 11, 'Mat Lam Tam', 2073, 15, 1, 4),
(262, 7, 8, 'Bytecard', 2027, 23, 2, 1),
(263, 3, 3, 'Flexidy', 2648, 13, 2, 4),
(264, 1, 3, 'Stringtough', 1394, 25, 1, 1),
(265, 6, 10, 'Aerified', 779, 13, 3, 2),
(266, 6, 3, 'Zamit', 1211, 23, 3, 4),
(267, 1, 8, 'Keylex', 996, 16, 3, 2),
(268, 4, 7, 'Temp', 675, 13, 3, 4),
(269, 7, 2, 'Redhold', 2555, 17, 3, 4),
(270, 7, 4, 'Bigtax', 1133, 16, 3, 4),
(271, 1, 5, 'Fintone', 817, 18, 1, 1),
(272, 1, 4, 'Fix San', 764, 23, 3, 2),
(273, 1, 7, 'Veribet', 2234, 26, 3, 3),
(274, 3, 8, 'Solarbreeze', 2716, 24, 3, 2),
(275, 3, 6, 'Wrapsafe', 2424, 14, 1, 2),
(276, 2, 8, 'Namfix', 1138, 19, 2, 3),
(277, 1, 7, 'Zaam-Dox', 1748, 17, 2, 4),
(278, 5, 7, 'Ronstring', 2713, 14, 1, 3),
(279, 7, 10, 'Konklux', 2774, 15, 1, 1),
(280, 5, 4, 'Flexidy', 902, 18, 2, 1),
(281, 7, 2, 'Pannier', 1594, 20, 2, 3),
(282, 4, 7, 'Ronstring', 923, 26, 2, 2),
(283, 3, 8, 'Konklab', 710, 19, 2, 4),
(284, 4, 2, 'Alphazap', 2244, 16, 1, 2),
(285, 6, 4, 'Zontrax', 2707, 16, 3, 4),
(286, 3, 5, 'Stringtough', 2036, 14, 2, 2),
(287, 2, 2, 'Hatity', 2237, 15, 1, 2),
(288, 3, 3, 'Flowdesk', 1400, 15, 2, 4),
(289, 1, 9, 'Tin', 2825, 20, 2, 2),
(290, 4, 6, 'Lotlux', 1592, 16, 3, 3),
(291, 6, 7, 'Otcom', 2409, 27, 3, 3),
(292, 2, 7, 'Pannier', 2918, 20, 2, 3),
(293, 7, 2, 'Zaam-Dox', 696, 23, 2, 3),
(294, 2, 2, 'Sub-Ex', 2023, 13, 1, 1),
(295, 7, 8, 'Mat Lam Tam', 2151, 26, 3, 1),
(296, 6, 8, 'Stronghold', 2012, 19, 2, 1),
(297, 3, 11, 'Solarbreeze', 1036, 21, 1, 1),
(298, 2, 3, 'Opela', 2384, 21, 2, 2),
(299, 1, 8, 'Biodex', 2330, 15, 3, 2),
(300, 6, 8, 'Job', 1760, 20, 2, 1),
(301, 3, 8, 'Opela', 887, 19, 3, 3),
(302, 1, 5, 'Tempsoft', 2943, 27, 3, 4),
(303, 7, 10, 'Fintone', 1336, 22, 2, 3),
(304, 4, 10, 'Ronstring', 561, 24, 1, 4),
(305, 5, 11, 'Bamity', 2918, 22, 2, 3),
(306, 2, 8, 'Temp', 1195, 17, 2, 4),
(307, 3, 1, 'Zoolab', 2291, 13, 1, 1),
(308, 7, 2, 'Alphazap', 1621, 13, 2, 1),
(309, 7, 9, 'Bitchip', 2930, 21, 3, 4),
(310, 6, 10, 'Mat Lam Tam', 1441, 19, 3, 2),
(311, 4, 7, 'Bitwolf', 1531, 20, 2, 1),
(312, 2, 11, 'Otcom', 1803, 25, 2, 2),
(313, 6, 7, 'Otcom', 1081, 26, 3, 2),
(314, 2, 6, 'Stringtough', 1674, 26, 2, 2),
(315, 1, 1, 'Treeflex', 2522, 19, 2, 4),
(316, 5, 9, 'Holdlamis', 1989, 27, 3, 2),
(317, 1, 9, 'Domainer', 1445, 14, 3, 1),
(318, 1, 3, 'Treeflex', 1347, 16, 3, 4),
(319, 7, 4, 'Konklux', 2128, 26, 2, 3),
(320, 6, 11, 'Mat Lam Tam', 1687, 19, 2, 1),
(321, 1, 10, 'Hatity', 1079, 23, 2, 4),
(322, 3, 9, 'Span', 2481, 16, 2, 1),
(323, 7, 11, 'Latlux', 698, 26, 2, 2),
(324, 2, 1, 'Keylex', 1510, 25, 3, 3),
(325, 6, 3, 'Zaam-Dox', 1695, 17, 3, 2),
(326, 7, 1, 'Voltsillam', 2846, 15, 2, 4),
(327, 4, 6, 'Sub-Ex', 947, 20, 2, 3),
(328, 4, 7, 'Flowdesk', 2840, 14, 3, 4),
(329, 1, 2, 'Home Ing', 620, 20, 2, 2),
(330, 1, 3, 'Lotstring', 2604, 17, 2, 3),
(331, 2, 8, 'Pannier', 893, 25, 3, 2),
(332, 2, 8, 'Prodder', 2339, 22, 2, 4),
(333, 7, 7, 'Tresom', 2322, 15, 3, 4),
(334, 1, 4, 'Alpha', 929, 17, 3, 2),
(335, 7, 10, 'Pannier', 772, 15, 3, 1),
(336, 3, 9, 'Tres-Zap', 2821, 18, 3, 1),
(337, 1, 10, 'Zoolab', 2117, 20, 3, 3),
(338, 7, 6, 'Bytecard', 608, 15, 2, 3),
(339, 6, 7, 'Tampflex', 2620, 25, 1, 3),
(340, 5, 2, 'Ronstring', 1364, 20, 1, 4),
(341, 3, 7, 'Pannier', 2570, 13, 2, 4),
(342, 7, 4, 'Tresom', 2721, 27, 3, 1),
(343, 6, 10, 'Vagram', 1837, 13, 2, 3),
(344, 5, 8, 'Fintone', 2283, 23, 2, 1),
(345, 5, 3, 'Home Ing', 2103, 13, 1, 2),
(346, 5, 4, 'Aerified', 2703, 14, 3, 2),
(347, 4, 2, 'Opela', 2395, 13, 2, 3),
(348, 7, 3, 'Matsoft', 1849, 14, 3, 2),
(349, 3, 7, 'Fintone', 2409, 15, 1, 1),
(350, 5, 7, 'Fix San', 2776, 16, 2, 4),
(351, 7, 5, 'Subin', 1492, 24, 1, 4),
(352, 1, 7, 'Pannier', 853, 17, 1, 3),
(353, 4, 2, 'Domainer', 1338, 24, 2, 4),
(354, 1, 4, 'Toughjoyfax', 1831, 17, 1, 2),
(355, 2, 5, 'Treeflex', 711, 21, 3, 1),
(356, 2, 6, 'It', 2718, 27, 1, 2),
(357, 5, 2, 'Fintone', 1354, 14, 3, 3),
(358, 4, 1, 'Alpha', 2094, 17, 1, 4),
(359, 3, 1, 'Y-find', 2899, 21, 3, 4),
(360, 7, 1, 'Kanlam', 2763, 19, 1, 1),
(361, 5, 7, 'Keylex', 1524, 23, 1, 3),
(362, 4, 8, 'Tresom', 2538, 18, 2, 4),
(363, 3, 11, 'Regrant', 2484, 22, 3, 3),
(364, 6, 11, 'Andalax', 2884, 21, 1, 3),
(365, 1, 5, 'Alphazap', 2000, 18, 2, 2),
(366, 4, 11, 'Keylex', 1721, 14, 3, 4),
(367, 6, 9, 'Tin', 2642, 27, 1, 1),
(368, 1, 8, 'Fintone', 2782, 25, 2, 3),
(369, 4, 7, 'Latlux', 2173, 22, 3, 1),
(370, 1, 10, 'Tempsoft', 1601, 13, 3, 1),
(371, 2, 3, 'Zathin', 2026, 25, 1, 1),
(372, 5, 1, 'Trippledex', 570, 27, 3, 4),
(373, 3, 4, 'Cardguard', 2418, 13, 1, 1),
(374, 3, 5, 'Y-Solowarm', 605, 24, 2, 2),
(375, 1, 3, 'Toughjoyfax', 1296, 17, 2, 4),
(376, 1, 1, 'Zamit', 726, 19, 3, 4),
(377, 6, 10, 'Duobam', 1927, 16, 2, 1),
(378, 4, 10, 'Tresom', 2353, 20, 3, 1),
(379, 1, 3, 'Y-Solowarm', 2989, 19, 2, 2),
(380, 6, 1, 'Fixflex', 2205, 18, 3, 1),
(381, 6, 1, 'Overhold', 2670, 14, 3, 4),
(382, 4, 10, 'Treeflex', 911, 18, 2, 1),
(383, 1, 4, 'Lotlux', 1181, 26, 1, 3),
(384, 1, 9, 'Zathin', 847, 25, 1, 3),
(385, 7, 3, 'Flexidy', 1231, 15, 1, 2),
(386, 5, 4, 'Tin', 760, 20, 3, 3),
(387, 6, 9, 'Vagram', 2120, 27, 3, 4),
(388, 1, 1, 'Zamit', 699, 18, 2, 3),
(389, 3, 3, 'Cardify', 2330, 16, 3, 1),
(390, 1, 7, 'Ventosanzap', 973, 17, 1, 3),
(391, 5, 2, 'Konklux', 2280, 21, 1, 1),
(392, 1, 4, 'Sonair', 1161, 16, 3, 4),
(393, 3, 8, 'Matsoft', 1298, 18, 2, 1),
(394, 3, 9, 'Latlux', 2986, 26, 2, 1),
(395, 4, 6, 'Otcom', 2446, 24, 2, 1),
(396, 5, 10, 'Ventosanzap', 1609, 27, 1, 4),
(397, 2, 1, 'Fix San', 694, 22, 3, 2),
(398, 1, 11, 'Sonsing', 1946, 20, 1, 4),
(399, 6, 7, 'Redhold', 2867, 19, 1, 1),
(400, 2, 9, 'Redhold', 2464, 15, 3, 4),
(401, 7, 9, 'Veribet', 1243, 20, 2, 4),
(402, 3, 6, 'Cookley', 854, 16, 2, 4),
(403, 6, 3, 'Tempsoft', 2869, 14, 3, 2),
(404, 4, 4, 'Lotstring', 1758, 23, 1, 2),
(405, 2, 11, 'Duobam', 1687, 13, 3, 1),
(406, 3, 8, 'Stringtough', 2406, 25, 1, 1),
(407, 7, 3, 'Fix San', 1012, 27, 1, 4),
(408, 2, 11, 'Stringtough', 2381, 20, 2, 3),
(409, 3, 4, 'Bitchip', 1796, 16, 1, 1),
(410, 1, 1, 'Mat Lam Tam', 1536, 26, 2, 2),
(411, 3, 7, 'Bitwolf', 1446, 19, 2, 3),
(412, 7, 5, 'Ventosanzap', 2175, 15, 3, 3),
(413, 6, 3, 'Rank', 1011, 24, 1, 1),
(414, 1, 1, 'Cardguard', 2867, 21, 2, 2),
(415, 2, 1, 'Sonsing', 1138, 19, 3, 4),
(416, 3, 11, 'Flowdesk', 2229, 25, 1, 4),
(417, 4, 8, 'Y-find', 2465, 26, 1, 2),
(418, 1, 8, 'Tresom', 2250, 23, 2, 2),
(419, 6, 6, 'Veribet', 2480, 18, 1, 1),
(420, 5, 10, 'Job', 572, 25, 3, 2),
(421, 7, 4, 'Pannier', 1359, 27, 3, 3),
(422, 3, 8, 'Bitchip', 2263, 22, 1, 3),
(423, 7, 11, 'Tres-Zap', 1221, 16, 3, 1),
(424, 3, 8, 'Overhold', 2424, 13, 2, 4),
(425, 4, 4, 'Job', 813, 20, 3, 2),
(426, 4, 10, 'Aerified', 2504, 20, 1, 2),
(427, 3, 1, 'Konklab', 1339, 22, 2, 3),
(428, 2, 10, 'Aerified', 2433, 15, 1, 2),
(429, 1, 3, 'Voltsillam', 1374, 16, 2, 1),
(430, 5, 9, 'Fintone', 621, 24, 2, 2),
(431, 7, 3, 'Flowdesk', 2075, 18, 1, 2),
(432, 2, 8, 'Stringtough', 1333, 27, 3, 1),
(433, 6, 1, 'Daltfresh', 808, 26, 2, 1),
(434, 2, 8, 'Zoolab', 2488, 15, 1, 2),
(435, 7, 8, 'Tampflex', 2606, 27, 3, 3),
(436, 7, 3, 'Treeflex', 1109, 27, 1, 1),
(437, 4, 9, 'Solarbreeze', 1089, 27, 3, 3),
(438, 6, 7, 'Otcom', 2098, 16, 1, 3),
(439, 7, 6, 'Hatity', 1268, 25, 1, 1),
(440, 1, 4, 'Tin', 767, 19, 2, 1),
(441, 6, 1, 'Cardify', 1368, 27, 3, 2),
(442, 6, 1, 'Trippledex', 1814, 26, 2, 3),
(443, 5, 1, 'Konklux', 1834, 25, 3, 3),
(444, 7, 8, 'Stringtough', 2129, 18, 1, 4),
(445, 3, 9, 'Vagram', 2295, 16, 3, 3),
(446, 1, 10, 'Holdlamis', 1623, 27, 2, 1),
(447, 3, 10, 'Otcom', 1342, 21, 1, 4),
(448, 6, 8, 'Pannier', 1640, 20, 1, 2),
(449, 3, 3, 'Overhold', 1940, 20, 2, 3),
(450, 3, 3, 'Y-Solowarm', 2728, 26, 1, 3),
(451, 3, 1, 'Sonsing', 719, 21, 2, 4),
(452, 7, 5, 'Holdlamis', 2093, 27, 1, 3),
(453, 7, 10, 'Fintone', 2194, 19, 1, 2),
(454, 2, 2, 'Otcom', 988, 14, 1, 4),
(455, 4, 7, 'Hatity', 2487, 23, 2, 3),
(456, 4, 4, 'Zontrax', 2865, 16, 3, 2),
(457, 1, 4, 'Sonair', 2232, 21, 1, 2),
(458, 2, 8, 'Voltsillam', 2047, 23, 2, 2),
(459, 5, 10, 'Bigtax', 1993, 27, 2, 2),
(460, 1, 7, 'Pannier', 1283, 17, 2, 1),
(461, 4, 8, 'Job', 665, 13, 1, 3),
(462, 5, 10, 'Holdlamis', 1349, 26, 2, 3),
(463, 7, 9, 'Zaam-Dox', 2531, 15, 3, 2),
(464, 7, 6, 'Zontrax', 895, 20, 3, 4),
(465, 3, 11, 'Wrapsafe', 1773, 21, 3, 4),
(466, 1, 7, 'Cardguard', 2522, 24, 2, 1),
(467, 1, 4, 'Vagram', 2399, 20, 2, 3),
(468, 6, 6, 'Otcom', 2343, 22, 1, 4),
(469, 7, 8, 'Bitchip', 850, 21, 2, 1),
(470, 5, 9, 'Asoka', 2483, 17, 1, 2),
(471, 7, 2, 'Tampflex', 2758, 27, 1, 3),
(472, 6, 2, 'Biodex', 792, 25, 3, 2),
(473, 5, 7, 'Subin', 2313, 17, 1, 1),
(474, 4, 10, 'Alphazap', 2815, 13, 2, 4),
(475, 1, 11, 'Vagram', 943, 27, 1, 4),
(476, 1, 5, 'Konklab', 2545, 19, 1, 2),
(477, 5, 3, 'Holdlamis', 2417, 27, 3, 3),
(478, 1, 4, 'Mat Lam Tam', 978, 18, 3, 1),
(479, 2, 9, 'Fix San', 2493, 19, 3, 1),
(480, 2, 8, 'Konklux', 699, 22, 3, 1),
(481, 3, 8, 'Toughjoyfax', 1577, 17, 1, 1),
(482, 1, 7, 'Stringtough', 2548, 18, 2, 3),
(483, 6, 6, 'Greenlam', 1557, 13, 2, 3),
(484, 7, 7, 'Cardify', 646, 21, 2, 2),
(485, 4, 6, 'Y-Solowarm', 1914, 17, 1, 3),
(486, 6, 8, 'Bitwolf', 1696, 15, 1, 3),
(487, 5, 1, 'Gembucket', 1489, 15, 2, 4),
(488, 1, 4, 'Stronghold', 2677, 23, 1, 1),
(489, 3, 8, 'Toughjoyfax', 1734, 27, 3, 1),
(490, 7, 5, 'Sonsing', 2789, 20, 1, 2),
(491, 2, 8, 'Ronstring', 1122, 13, 2, 2),
(492, 5, 10, 'Veribet', 1974, 22, 1, 3),
(493, 2, 6, 'Treeflex', 1127, 15, 1, 4),
(494, 2, 4, 'Fix San', 2924, 20, 1, 4),
(495, 7, 8, 'Sonsing', 2947, 21, 1, 2),
(496, 5, 2, 'Bamity', 1795, 16, 3, 4),
(497, 2, 7, 'Lotlux', 1308, 27, 2, 3),
(498, 4, 11, 'Voltsillam', 1179, 14, 3, 1),
(499, 1, 10, 'Cardify', 2479, 20, 3, 4),
(500, 1, 10, 'Mat Lam Tam', 1210, 23, 3, 1),
(501, 4, 1, 'Y-Solowarm', 797, 23, 2, 3),
(502, 3, 3, 'Domainer', 2167, 15, 3, 1),
(503, 5, 8, 'Stronghold', 2293, 19, 3, 3),
(504, 6, 8, 'Lotlux', 1003, 16, 3, 1),
(505, 1, 3, 'Bitchip', 2241, 23, 1, 2),
(506, 7, 8, 'Namfix', 1988, 19, 2, 2),
(507, 4, 4, 'Bytecard', 826, 18, 3, 2),
(508, 2, 8, 'Zathin', 2099, 25, 2, 1),
(509, 5, 2, 'Alpha', 906, 15, 2, 3),
(510, 2, 6, 'Otcom', 846, 17, 2, 3),
(511, 4, 11, 'Trippledex', 528, 24, 1, 3),
(512, 1, 2, 'Duobam', 2316, 16, 3, 1),
(513, 3, 6, 'Holdlamis', 2219, 14, 2, 1),
(514, 1, 2, 'Pannier', 1613, 21, 2, 3),
(515, 5, 1, 'Tres-Zap', 2801, 22, 2, 1),
(516, 6, 5, 'Treeflex', 922, 23, 1, 2),
(517, 1, 8, 'Wrapsafe', 2790, 19, 1, 4),
(518, 3, 9, 'Ventosanzap', 1175, 27, 1, 4),
(519, 1, 10, 'Greenlam', 539, 18, 2, 3),
(520, 5, 1, 'Voltsillam', 1587, 19, 2, 4),
(521, 2, 8, 'Keylex', 855, 21, 2, 4),
(522, 4, 7, 'Overhold', 961, 15, 2, 3),
(523, 2, 11, 'Alphazap', 880, 13, 3, 2),
(524, 2, 6, 'Bytecard', 2223, 14, 2, 4),
(525, 6, 8, 'Cardguard', 1397, 14, 2, 3),
(526, 7, 3, 'Y-find', 909, 24, 2, 4),
(527, 6, 11, 'Stronghold', 2797, 13, 3, 4),
(528, 7, 1, 'Cardguard', 2582, 26, 3, 2),
(529, 6, 1, 'Wrapsafe', 1340, 19, 2, 4),
(530, 5, 2, 'Duobam', 2105, 14, 1, 4),
(531, 2, 8, 'Tampflex', 2623, 19, 1, 1),
(532, 2, 1, 'Sonair', 529, 25, 1, 4),
(533, 4, 9, 'Alpha', 1901, 24, 1, 3),
(534, 5, 2, 'Gembucket', 1029, 23, 3, 2),
(535, 4, 4, 'Ventosanzap', 1530, 24, 1, 2),
(536, 7, 3, 'Cookley', 918, 22, 2, 4),
(537, 1, 9, 'It', 1635, 19, 1, 3),
(538, 4, 8, 'Veribet', 2510, 13, 1, 1),
(539, 7, 6, 'Cookley', 992, 23, 3, 4),
(540, 4, 10, 'Otcom', 1800, 27, 2, 1),
(541, 5, 5, 'Lotstring', 1337, 19, 1, 2),
(542, 7, 5, 'Y-find', 2579, 14, 1, 4),
(543, 1, 3, 'Bytecard', 2439, 15, 2, 3),
(544, 2, 11, 'Redhold', 1559, 20, 1, 2),
(545, 5, 8, 'Tres-Zap', 1736, 16, 2, 3),
(546, 4, 2, 'Sonair', 1972, 14, 2, 1),
(547, 3, 5, 'Flexidy', 1343, 22, 1, 3),
(548, 1, 6, 'Stronghold', 711, 13, 2, 3),
(549, 1, 10, 'Tres-Zap', 805, 16, 3, 3),
(550, 2, 6, 'Zamit', 901, 13, 3, 2),
(551, 2, 5, 'Flexidy', 1186, 14, 2, 1),
(552, 6, 3, 'Y-Solowarm', 1069, 17, 1, 1),
(553, 1, 1, 'Konklux', 904, 25, 2, 4),
(554, 6, 2, 'Wrapsafe', 2910, 21, 2, 3),
(555, 1, 7, 'Sub-Ex', 1327, 16, 3, 1),
(556, 4, 11, 'Stim', 1859, 22, 3, 3),
(557, 4, 3, 'Cardify', 1786, 13, 1, 2),
(558, 1, 8, 'Hatity', 2968, 14, 1, 2),
(559, 7, 5, 'Stim', 2786, 17, 1, 4),
(560, 1, 7, 'Redhold', 2041, 25, 3, 3),
(561, 1, 1, 'Matsoft', 2726, 25, 2, 2),
(562, 7, 5, 'Tin', 2435, 21, 1, 2),
(563, 1, 7, 'Zathin', 1197, 18, 1, 1),
(564, 2, 7, 'Tres-Zap', 1643, 25, 2, 2),
(565, 5, 7, 'Matsoft', 2833, 22, 1, 1),
(566, 4, 6, 'Quo Lux', 1959, 13, 2, 4),
(567, 5, 4, 'Veribet', 1194, 27, 2, 1),
(568, 6, 9, 'Tresom', 2325, 23, 2, 2),
(569, 4, 6, 'Duobam', 2962, 26, 1, 1),
(570, 3, 2, 'Bitchip', 2126, 13, 1, 2),
(571, 1, 11, 'Solarbreeze', 1879, 15, 1, 3),
(572, 6, 8, 'Tresom', 1975, 16, 3, 2),
(573, 5, 10, 'Prodder', 2466, 23, 3, 2),
(574, 6, 11, 'Duobam', 2158, 14, 1, 2),
(575, 5, 2, 'Alpha', 1545, 23, 2, 3),
(576, 1, 4, 'Opela', 1725, 21, 1, 4),
(577, 2, 10, 'Mat Lam Tam', 2357, 23, 1, 1),
(578, 1, 7, 'Zamit', 2639, 21, 1, 4),
(579, 1, 11, 'It', 2457, 22, 3, 4),
(580, 6, 2, 'Alpha', 587, 23, 1, 2),
(581, 4, 11, 'Wrapsafe', 1065, 26, 1, 1),
(582, 2, 6, 'Otcom', 2353, 24, 2, 4),
(583, 1, 2, 'Flowdesk', 643, 23, 1, 4),
(584, 5, 8, 'Konklab', 1118, 21, 2, 4),
(585, 5, 11, 'Ronstring', 2575, 19, 1, 4),
(586, 6, 4, 'Cardguard', 2411, 24, 3, 3),
(587, 6, 2, 'Fintone', 806, 24, 2, 4),
(588, 2, 7, 'Voltsillam', 1440, 25, 1, 1),
(589, 2, 7, 'Quo Lux', 1308, 19, 2, 2),
(590, 6, 4, 'Opela', 1178, 16, 3, 1),
(591, 2, 10, 'Konklux', 2841, 20, 2, 4),
(592, 7, 9, 'Stringtough', 1330, 24, 1, 4),
(593, 4, 2, 'Zathin', 2537, 22, 1, 4),
(594, 6, 11, 'Bamity', 2121, 24, 1, 1),
(595, 4, 5, 'Kanlam', 1830, 25, 1, 4),
(596, 2, 8, 'Stim', 2309, 23, 3, 4),
(597, 7, 2, 'Konklux', 1698, 14, 1, 1),
(598, 2, 6, 'Zoolab', 2157, 17, 2, 4),
(599, 7, 6, 'Hatity', 949, 23, 2, 2),
(600, 3, 5, 'Hatity', 907, 14, 3, 2),
(601, 7, 10, 'Solarbreeze', 2539, 16, 2, 2),
(602, 7, 7, 'Aerified', 1030, 16, 2, 2),
(603, 3, 6, 'Tampflex', 2248, 18, 1, 3),
(604, 3, 4, 'Bigtax', 1216, 22, 1, 1),
(605, 4, 11, 'Tin', 1525, 15, 1, 4),
(606, 3, 9, 'Duobam', 1742, 19, 3, 2),
(607, 1, 11, 'Mat Lam Tam', 2258, 20, 3, 1),
(608, 5, 6, 'Vagram', 1307, 27, 2, 1),
(609, 4, 6, 'Duobam', 2899, 23, 2, 2),
(610, 4, 8, 'Quo Lux', 2623, 18, 3, 4),
(611, 1, 2, 'Namfix', 1654, 24, 2, 3),
(612, 2, 7, 'Namfix', 1842, 24, 3, 3),
(613, 3, 9, 'Gembucket', 1105, 20, 3, 4),
(614, 2, 6, 'Bitchip', 2784, 19, 2, 2),
(615, 2, 5, 'Quo Lux', 1395, 27, 2, 1),
(616, 7, 8, 'Treeflex', 812, 20, 3, 4),
(617, 5, 10, 'Transcof', 1686, 27, 1, 4),
(618, 7, 2, 'Sonsing', 1581, 16, 3, 3),
(619, 7, 4, 'Konklab', 1268, 24, 2, 1),
(620, 7, 10, 'Daltfresh', 1554, 15, 1, 3),
(621, 5, 7, 'Vagram', 2878, 14, 2, 2),
(622, 3, 5, 'Fintone', 1388, 19, 2, 3),
(623, 6, 4, 'Konklux', 921, 24, 3, 1),
(624, 7, 2, 'Bitwolf', 502, 18, 1, 3),
(625, 1, 4, 'Zoolab', 753, 22, 2, 3),
(626, 6, 4, 'Ventosanzap', 536, 17, 1, 1),
(627, 2, 10, 'Redhold', 1005, 22, 1, 2),
(628, 7, 10, 'Zathin', 972, 18, 3, 4),
(629, 2, 1, 'Opela', 2081, 25, 3, 1),
(630, 6, 10, 'Flowdesk', 802, 13, 2, 4),
(631, 7, 2, 'Regrant', 1054, 15, 1, 3),
(632, 1, 2, 'Duobam', 2552, 15, 3, 1),
(633, 3, 3, 'Bitchip', 2788, 26, 3, 3),
(634, 7, 3, 'Holdlamis', 666, 16, 1, 3),
(635, 7, 7, 'Duobam', 1781, 14, 2, 2),
(636, 3, 2, 'Tempsoft', 2151, 24, 3, 3),
(637, 2, 5, 'Lotlux', 2975, 25, 2, 1),
(638, 1, 1, 'Subin', 986, 13, 2, 4),
(639, 3, 6, 'Overhold', 2680, 13, 1, 4),
(640, 1, 10, 'Temp', 2357, 22, 1, 3),
(641, 3, 5, 'Zontrax', 2806, 22, 2, 2),
(642, 3, 6, 'Y-find', 1109, 19, 3, 2),
(643, 4, 3, 'Namfix', 1788, 23, 2, 3),
(644, 4, 7, 'Pannier', 2798, 25, 1, 2),
(645, 3, 9, 'Home Ing', 640, 16, 1, 3),
(646, 7, 5, 'Stim', 2329, 14, 2, 2),
(647, 1, 1, 'Alpha', 2169, 19, 2, 1),
(648, 7, 9, 'Konklux', 673, 17, 3, 2),
(649, 7, 8, 'Matsoft', 1077, 23, 1, 4),
(650, 2, 7, 'Tin', 2522, 13, 1, 4),
(651, 2, 3, 'Stim', 1811, 21, 1, 3),
(652, 6, 1, 'Span', 626, 23, 1, 3),
(653, 5, 7, 'Y-Solowarm', 1813, 19, 1, 3),
(654, 6, 4, 'Sonair', 2030, 17, 1, 2),
(655, 1, 5, 'Fintone', 1301, 25, 1, 1),
(656, 6, 3, 'Voltsillam', 2895, 13, 1, 4),
(657, 6, 5, 'Namfix', 2908, 17, 2, 2),
(658, 6, 5, 'Home Ing', 1053, 27, 1, 1),
(659, 7, 2, 'Gembucket', 2362, 17, 1, 2),
(660, 2, 10, 'Vagram', 2854, 25, 3, 3),
(661, 5, 4, 'Viva', 1993, 22, 1, 2),
(662, 1, 7, 'Bigtax', 965, 20, 3, 2),
(663, 4, 10, 'Tin', 1783, 22, 3, 4),
(664, 4, 3, 'Quo Lux', 2712, 18, 1, 4),
(665, 1, 9, 'Tampflex', 789, 16, 2, 3),
(666, 2, 1, 'Fix San', 857, 13, 3, 2),
(667, 4, 5, 'Tres-Zap', 2853, 21, 3, 1),
(668, 2, 8, 'Flowdesk', 2031, 14, 2, 1),
(669, 2, 4, 'It', 2627, 19, 2, 3),
(670, 5, 10, 'Treeflex', 647, 13, 3, 3),
(671, 5, 2, 'Temp', 1978, 15, 2, 1),
(672, 4, 5, 'Aerified', 2682, 16, 2, 3),
(673, 2, 3, 'Home Ing', 2185, 21, 3, 2),
(674, 6, 6, 'Biodex', 629, 13, 2, 4),
(675, 6, 8, 'Ronstring', 736, 22, 1, 2),
(676, 1, 8, 'Biodex', 2398, 20, 3, 1),
(677, 1, 10, 'Alpha', 2177, 15, 1, 4),
(678, 1, 5, 'Andalax', 2932, 14, 1, 1),
(679, 5, 7, 'Fintone', 2150, 27, 3, 3),
(680, 7, 9, 'Tempsoft', 1674, 21, 1, 1),
(681, 2, 2, 'Tin', 1127, 24, 3, 4),
(682, 7, 7, 'Sonair', 676, 25, 3, 3),
(683, 7, 4, 'Zontrax', 2623, 17, 3, 3),
(684, 3, 6, 'Span', 2096, 18, 1, 1),
(685, 6, 10, 'Konklux', 1743, 13, 3, 1),
(686, 5, 10, 'Cookley', 668, 22, 2, 1),
(687, 2, 4, 'Fixflex', 951, 24, 2, 4),
(688, 4, 4, 'Voyatouch', 1253, 14, 2, 4),
(689, 1, 9, 'Vagram', 595, 23, 2, 3),
(690, 4, 11, 'Alpha', 2470, 27, 2, 1),
(691, 3, 1, 'Toughjoyfax', 645, 20, 2, 1),
(692, 1, 11, 'Kanlam', 2745, 25, 1, 4),
(693, 5, 9, 'Fixflex', 887, 27, 3, 2),
(694, 7, 7, 'Tres-Zap', 2106, 25, 2, 2),
(695, 3, 1, 'Zamit', 2438, 19, 3, 1),
(696, 2, 2, 'Tempsoft', 1445, 26, 1, 3),
(697, 6, 9, 'Zoolab', 1115, 23, 1, 1),
(698, 4, 10, 'Home Ing', 1264, 18, 1, 3),
(699, 1, 9, 'Namfix', 1394, 18, 1, 2),
(700, 2, 7, 'Toughjoyfax', 2932, 15, 3, 3),
(701, 1, 7, 'Overhold', 1986, 27, 2, 2),
(702, 7, 9, 'Ventosanzap', 974, 23, 1, 2),
(703, 3, 3, 'Kanlam', 2520, 20, 2, 3),
(704, 4, 1, 'Temp', 1773, 16, 2, 2),
(705, 4, 5, 'Zamit', 2503, 15, 3, 3),
(706, 3, 6, 'Gembucket', 1656, 27, 3, 2),
(707, 4, 3, 'Opela', 807, 24, 2, 1),
(708, 4, 11, 'Toughjoyfax', 2633, 20, 1, 3),
(709, 1, 6, 'Y-find', 1341, 27, 1, 3),
(710, 3, 4, 'Prodder', 2810, 26, 1, 3),
(711, 5, 2, 'Lotstring', 2549, 16, 1, 1),
(712, 1, 9, 'Bigtax', 2075, 18, 1, 2),
(713, 3, 1, 'Bitchip', 1304, 24, 2, 3),
(714, 6, 9, 'Konklab', 2661, 14, 3, 4),
(715, 6, 7, 'Trippledex', 830, 25, 3, 1),
(716, 3, 9, 'Transcof', 525, 15, 1, 3),
(717, 2, 11, 'Wrapsafe', 1374, 27, 1, 4),
(718, 1, 8, 'Veribet', 2213, 27, 2, 3),
(719, 4, 2, 'Duobam', 2335, 15, 2, 2),
(720, 4, 7, 'Wrapsafe', 2926, 24, 2, 2),
(721, 5, 9, 'Tres-Zap', 2863, 16, 3, 1),
(722, 3, 8, 'Y-find', 1110, 16, 2, 3),
(723, 6, 4, 'Zathin', 2454, 21, 2, 3),
(724, 2, 11, 'Matsoft', 1243, 18, 3, 4),
(725, 7, 7, 'Voyatouch', 2751, 15, 3, 4),
(726, 1, 11, 'Aerified', 2934, 18, 2, 4),
(727, 1, 5, 'Quo Lux', 640, 13, 2, 3),
(728, 2, 7, 'Sonair', 779, 20, 1, 1),
(729, 4, 9, 'Y-find', 1902, 23, 3, 4),
(730, 5, 1, 'Opela', 2003, 26, 2, 2),
(731, 6, 11, 'Toughjoyfax', 600, 22, 1, 1),
(732, 7, 6, 'Bigtax', 1440, 19, 3, 4),
(733, 1, 2, 'Regrant', 987, 26, 2, 1),
(734, 6, 8, 'Stringtough', 789, 14, 1, 2),
(735, 7, 10, 'Subin', 2634, 24, 1, 4),
(736, 1, 2, 'Veribet', 796, 22, 3, 3),
(737, 1, 2, 'Hatity', 1564, 21, 3, 3),
(738, 1, 11, 'Holdlamis', 828, 17, 1, 1),
(739, 7, 2, 'Asoka', 703, 13, 1, 2),
(740, 5, 9, 'Overhold', 1201, 16, 3, 1),
(741, 3, 11, 'Redhold', 2976, 19, 1, 2),
(742, 7, 8, 'Cardguard', 1461, 27, 1, 1),
(743, 3, 11, 'Zathin', 1579, 24, 2, 1),
(744, 2, 10, 'Prodder', 2486, 20, 2, 3),
(745, 2, 7, 'Y-Solowarm', 1950, 26, 1, 1),
(746, 1, 5, 'Fix San', 1932, 22, 1, 2),
(747, 6, 7, 'Zamit', 2393, 13, 3, 4),
(748, 5, 6, 'Regrant', 830, 16, 2, 1),
(749, 6, 9, 'Greenlam', 2552, 23, 3, 3),
(750, 1, 8, 'Ventosanzap', 1729, 17, 2, 2),
(751, 6, 10, 'Otcom', 1677, 22, 3, 3),
(752, 1, 9, 'It', 818, 27, 2, 4),
(753, 4, 10, 'Zontrax', 1588, 13, 2, 2),
(754, 4, 4, 'Bigtax', 988, 14, 1, 4),
(755, 7, 6, 'Rank', 996, 20, 1, 1),
(756, 2, 9, 'Stronghold', 1931, 22, 2, 4),
(757, 6, 1, 'Home Ing', 1026, 27, 1, 4),
(758, 3, 11, 'Viva', 2507, 18, 3, 1),
(759, 3, 10, 'Quo Lux', 2041, 14, 3, 2),
(760, 6, 7, 'Treeflex', 1922, 22, 3, 2),
(761, 4, 3, 'Fintone', 992, 18, 1, 4),
(762, 2, 5, 'Cardguard', 2815, 23, 2, 3),
(763, 4, 1, 'Lotstring', 2250, 18, 1, 3),
(764, 4, 10, 'Zaam-Dox', 2389, 22, 3, 2),
(765, 2, 10, 'Hatity', 1407, 25, 3, 1),
(766, 6, 6, 'Ronstring', 2398, 21, 3, 1),
(767, 6, 11, 'Matsoft', 2109, 27, 1, 2),
(768, 2, 10, 'Veribet', 944, 23, 1, 1),
(769, 3, 3, 'Namfix', 2877, 25, 2, 2),
(770, 1, 3, 'Matsoft', 2618, 18, 1, 3),
(771, 2, 5, 'Asoka', 2785, 24, 3, 2),
(772, 3, 11, 'Ronstring', 1692, 25, 2, 4),
(773, 2, 6, 'Transcof', 1067, 17, 1, 1),
(774, 2, 3, 'Veribet', 1274, 14, 1, 2),
(775, 5, 7, 'Duobam', 506, 24, 3, 2),
(776, 5, 7, 'Prodder', 2012, 18, 1, 1),
(777, 5, 3, 'Stringtough', 1742, 20, 3, 3),
(778, 4, 1, 'Stringtough', 1829, 18, 1, 1),
(779, 1, 2, 'Konklab', 2610, 18, 2, 3),
(780, 2, 9, 'Tampflex', 512, 24, 2, 1),
(781, 4, 7, 'Vagram', 1638, 22, 1, 3),
(782, 4, 8, 'Pannier', 1614, 22, 2, 3),
(783, 4, 10, 'Lotlux', 1516, 17, 3, 1),
(784, 2, 8, 'Matsoft', 1325, 25, 3, 4),
(785, 7, 7, 'Konklab', 2667, 18, 2, 4),
(786, 1, 1, 'Tampflex', 1442, 24, 2, 3),
(787, 6, 8, 'Fix San', 2677, 15, 1, 3),
(788, 3, 11, 'Transcof', 2165, 14, 3, 4),
(789, 6, 11, 'It', 2754, 18, 1, 1),
(790, 6, 2, 'Konklab', 1691, 21, 2, 1),
(791, 4, 9, 'Overhold', 1977, 19, 1, 1),
(792, 4, 11, 'It', 1095, 16, 1, 3),
(793, 1, 4, 'Fix San', 1505, 20, 3, 4),
(794, 1, 8, 'Temp', 1709, 13, 2, 3),
(795, 2, 1, 'Veribet', 2205, 26, 2, 1),
(796, 3, 10, 'Y-find', 1120, 15, 3, 3),
(797, 6, 8, 'Vagram', 867, 21, 1, 2),
(798, 2, 1, 'Tempsoft', 1870, 22, 3, 1),
(799, 7, 11, 'Mat Lam Tam', 2396, 18, 2, 1),
(800, 5, 3, 'Otcom', 2525, 21, 3, 2),
(801, 2, 11, 'Solarbreeze', 850, 14, 3, 1),
(802, 2, 7, 'Cardify', 2833, 25, 3, 1),
(803, 1, 7, 'Subin', 1532, 19, 3, 3),
(804, 7, 9, 'Transcof', 1700, 18, 1, 3),
(805, 2, 10, 'Lotstring', 1368, 25, 3, 1),
(806, 6, 9, 'Asoka', 840, 22, 3, 3),
(807, 6, 9, 'Viva', 746, 25, 1, 2),
(808, 6, 3, 'Konklab', 2204, 14, 1, 4),
(809, 2, 7, 'Span', 2268, 22, 1, 1),
(810, 3, 2, 'Overhold', 1533, 19, 1, 4),
(811, 2, 11, 'Treeflex', 1709, 22, 3, 2),
(812, 1, 9, 'Pannier', 1255, 15, 1, 4),
(813, 1, 3, 'Andalax', 2855, 18, 2, 3),
(814, 3, 11, 'Fintone', 1528, 17, 1, 4),
(815, 1, 8, 'Mat Lam Tam', 1620, 16, 2, 1),
(816, 4, 3, 'Y-find', 1004, 27, 1, 3),
(817, 3, 10, 'Alphazap', 1846, 26, 1, 4),
(818, 5, 11, 'Flexidy', 2595, 27, 3, 2),
(819, 6, 8, 'Vagram', 2281, 21, 3, 3),
(820, 2, 7, 'Cardify', 2832, 19, 3, 3),
(821, 4, 9, 'Zontrax', 1847, 27, 3, 2),
(822, 4, 4, 'Sonair', 2078, 18, 3, 2),
(823, 4, 7, 'Quo Lux', 2949, 26, 2, 2),
(824, 1, 3, 'Konklux', 1800, 16, 3, 3),
(825, 6, 9, 'Aerified', 2363, 21, 2, 3),
(826, 1, 11, 'Voyatouch', 1105, 17, 1, 4),
(827, 7, 1, 'Subin', 1144, 21, 2, 1),
(828, 1, 6, 'Andalax', 1441, 17, 3, 4),
(829, 3, 9, 'Alpha', 1741, 26, 1, 1),
(830, 6, 7, 'Aerified', 2827, 16, 3, 1),
(831, 2, 4, 'Domainer', 600, 25, 1, 4),
(832, 1, 2, 'Asoka', 1756, 18, 2, 1),
(833, 5, 3, 'Cardguard', 670, 20, 3, 1),
(834, 3, 2, 'Kanlam', 2246, 26, 3, 3),
(835, 2, 9, 'Kanlam', 1270, 14, 1, 4),
(836, 5, 4, 'Prodder', 2280, 18, 1, 3),
(837, 5, 10, 'Duobam', 2335, 19, 1, 1),
(838, 2, 7, 'Bitchip', 728, 17, 1, 2),
(839, 6, 9, 'Fintone', 1302, 18, 3, 2),
(840, 3, 11, 'Matsoft', 1509, 15, 3, 3),
(841, 4, 4, 'Biodex', 2759, 26, 3, 2),
(842, 6, 10, 'Prodder', 1153, 27, 2, 4),
(843, 6, 2, 'Trippledex', 508, 23, 2, 1),
(844, 5, 3, 'Kanlam', 2342, 20, 3, 3),
(845, 4, 9, 'Alphazap', 1684, 27, 2, 3),
(846, 5, 2, 'Duobam', 1144, 20, 2, 2),
(847, 4, 8, 'Ronstring', 1432, 17, 2, 4),
(848, 2, 10, 'Tres-Zap', 2431, 13, 3, 2),
(849, 6, 7, 'Prodder', 983, 19, 3, 3),
(850, 2, 4, 'It', 2351, 15, 2, 3),
(851, 6, 6, 'Stringtough', 2030, 21, 3, 3),
(852, 3, 5, 'Lotlux', 2068, 16, 1, 4),
(853, 1, 4, 'Temp', 1078, 23, 2, 1),
(854, 4, 4, 'Andalax', 1371, 19, 2, 2),
(855, 7, 4, 'Tempsoft', 2294, 15, 3, 4),
(856, 5, 1, 'Flowdesk', 1070, 14, 1, 3),
(857, 4, 10, 'Wrapsafe', 1164, 14, 3, 1),
(858, 5, 2, 'Konklux', 2960, 27, 2, 4),
(859, 6, 11, 'Prodder', 876, 24, 3, 3),
(860, 7, 6, 'Rank', 553, 17, 2, 2),
(861, 6, 9, 'Konklux', 1103, 19, 3, 3),
(862, 5, 2, 'Aerified', 1712, 15, 1, 2),
(863, 5, 2, 'Tempsoft', 2086, 17, 3, 1),
(864, 5, 8, 'Konklab', 2811, 25, 3, 4),
(865, 4, 8, 'Wrapsafe', 1844, 19, 3, 2),
(866, 1, 11, 'Otcom', 2826, 16, 1, 2),
(867, 6, 10, 'Latlux', 1806, 19, 2, 2),
(868, 2, 8, 'Toughjoyfax', 1029, 25, 2, 3),
(869, 5, 6, 'Tin', 2367, 24, 2, 4),
(870, 2, 10, 'It', 1143, 15, 3, 1),
(871, 6, 11, 'Biodex', 1413, 24, 2, 2),
(872, 2, 7, 'Subin', 740, 23, 1, 4),
(873, 6, 3, 'Stringtough', 1460, 26, 1, 1),
(874, 6, 9, 'Kanlam', 1072, 27, 3, 1),
(875, 7, 2, 'Zaam-Dox', 1617, 14, 1, 4),
(876, 5, 10, 'Vagram', 2159, 17, 2, 1),
(877, 1, 5, 'Namfix', 2287, 27, 2, 3),
(878, 4, 5, 'Flowdesk', 1606, 26, 1, 1),
(879, 4, 7, 'Home Ing', 1520, 14, 2, 2),
(880, 4, 1, 'Toughjoyfax', 2809, 25, 2, 1),
(881, 7, 7, 'Bitchip', 1015, 18, 1, 4),
(882, 5, 4, 'Keylex', 2010, 14, 3, 4),
(883, 6, 2, 'Overhold', 2197, 27, 3, 4),
(884, 7, 9, 'Tin', 1932, 17, 2, 2),
(885, 7, 10, 'Stim', 732, 14, 1, 2),
(886, 7, 5, 'Asoka', 1051, 25, 3, 1),
(887, 1, 1, 'It', 2071, 16, 2, 2),
(888, 7, 3, 'Ventosanzap', 664, 22, 2, 1),
(889, 6, 9, 'It', 1510, 14, 3, 3),
(890, 6, 11, 'Holdlamis', 628, 24, 1, 2),
(891, 3, 5, 'Latlux', 2820, 23, 2, 4),
(892, 1, 1, 'Latlux', 990, 27, 1, 1),
(893, 2, 7, 'Stronghold', 1314, 22, 2, 2),
(894, 1, 1, 'Flexidy', 2168, 21, 2, 3),
(895, 7, 11, 'Wrapsafe', 1733, 21, 2, 1),
(896, 5, 3, 'Biodex', 2944, 15, 2, 1),
(897, 6, 8, 'Subin', 2434, 22, 1, 4),
(898, 6, 7, 'Subin', 1342, 13, 3, 1),
(899, 4, 4, 'Konklab', 2323, 18, 2, 1),
(900, 3, 9, 'Voltsillam', 2928, 21, 3, 4),
(901, 6, 3, 'Overhold', 1914, 27, 1, 4),
(902, 1, 6, 'Zoolab', 1268, 21, 2, 1),
(903, 2, 9, 'Gembucket', 2083, 22, 3, 3),
(904, 4, 1, 'Redhold', 1730, 20, 3, 3),
(905, 1, 9, 'Zathin', 2914, 17, 1, 2),
(906, 6, 6, 'Cookley', 1736, 16, 1, 3),
(907, 7, 5, 'Quo Lux', 2955, 19, 2, 1),
(908, 6, 2, 'Latlux', 1683, 14, 2, 1),
(909, 7, 1, 'Tin', 2966, 25, 2, 1),
(910, 2, 6, 'Redhold', 1751, 21, 2, 4),
(911, 7, 4, 'Regrant', 1660, 16, 3, 3),
(912, 6, 9, 'Tresom', 2076, 22, 1, 3),
(913, 3, 7, 'Otcom', 2206, 14, 1, 2),
(914, 6, 2, 'Namfix', 2291, 17, 3, 2),
(915, 5, 7, 'Zathin', 1466, 16, 1, 2),
(916, 2, 4, 'Job', 2920, 23, 2, 4),
(917, 7, 5, 'Domainer', 2757, 15, 1, 4),
(918, 6, 6, 'Daltfresh', 987, 20, 2, 2),
(919, 5, 3, 'Tampflex', 1786, 24, 1, 1),
(920, 6, 9, 'Domainer', 2757, 24, 2, 2),
(921, 6, 8, 'Zaam-Dox', 841, 22, 1, 1),
(922, 6, 5, 'Flexidy', 685, 23, 2, 2),
(923, 3, 5, 'Konklux', 976, 22, 2, 1),
(924, 2, 9, 'Sonsing', 2056, 14, 1, 4),
(925, 1, 11, 'Holdlamis', 1276, 19, 3, 1),
(926, 7, 11, 'Latlux', 2847, 19, 2, 1),
(927, 4, 2, 'Opela', 2073, 27, 3, 3),
(928, 6, 10, 'Flexidy', 1727, 16, 1, 3),
(929, 5, 6, 'Voltsillam', 2655, 26, 2, 1),
(930, 3, 11, 'Voltsillam', 2211, 16, 3, 3),
(931, 6, 9, 'Konklab', 2063, 17, 1, 3),
(932, 1, 1, 'Fintone', 597, 16, 2, 2),
(933, 7, 11, 'Stronghold', 2373, 18, 1, 3),
(934, 4, 2, 'Job', 955, 14, 3, 1),
(935, 4, 8, 'Fix San', 740, 13, 3, 2),
(936, 4, 1, 'Konklab', 2489, 15, 1, 4),
(937, 2, 2, 'Fix San', 1874, 13, 1, 1),
(938, 4, 6, 'Subin', 509, 19, 2, 4),
(939, 6, 8, 'Flowdesk', 1387, 24, 2, 1),
(940, 3, 7, 'Subin', 2311, 19, 1, 4),
(941, 1, 2, 'Zamit', 821, 26, 3, 2),
(942, 1, 1, 'Tampflex', 1189, 17, 2, 4),
(943, 4, 2, 'Veribet', 1317, 16, 1, 4),
(944, 6, 6, 'Regrant', 939, 20, 3, 1),
(945, 1, 4, 'Trippledex', 2987, 27, 1, 4),
(946, 3, 10, 'Voyatouch', 695, 21, 1, 4),
(947, 2, 1, 'Solarbreeze', 2296, 26, 1, 4),
(948, 1, 11, 'Bitchip', 2769, 19, 1, 3),
(949, 6, 7, 'Asoka', 2991, 17, 1, 4),
(950, 1, 10, 'Wrapsafe', 2147, 16, 1, 1),
(951, 4, 1, 'Namfix', 1503, 24, 1, 4),
(952, 5, 1, 'Sonair', 2808, 18, 1, 2),
(953, 6, 7, 'Ronstring', 2909, 19, 2, 3),
(954, 1, 7, 'Gembucket', 2717, 18, 2, 2),
(955, 5, 11, 'Fixflex', 2261, 15, 2, 2),
(956, 5, 8, 'Sonair', 1334, 19, 2, 2),
(957, 1, 1, 'Zamit', 2398, 13, 3, 3),
(958, 5, 10, 'Konklux', 1343, 15, 3, 2),
(959, 2, 5, 'Transcof', 2249, 13, 3, 3),
(960, 1, 8, 'It', 2911, 18, 2, 2),
(961, 2, 9, 'Stringtough', 907, 26, 1, 4),
(962, 3, 5, 'Voyatouch', 2988, 19, 1, 1),
(963, 3, 8, 'Andalax', 669, 17, 2, 3),
(964, 1, 11, 'Y-Solowarm', 2634, 18, 1, 3),
(965, 7, 6, 'Veribet', 2307, 25, 1, 3),
(966, 4, 3, 'Zathin', 2441, 24, 2, 3),
(967, 1, 10, 'Pannier', 1055, 23, 1, 3),
(968, 4, 7, 'Andalax', 1507, 15, 2, 1),
(969, 2, 7, 'Bigtax', 926, 23, 3, 2),
(970, 3, 11, 'Daltfresh', 1288, 24, 2, 1),
(971, 2, 9, 'Voltsillam', 1823, 23, 3, 1),
(972, 2, 2, 'Quo Lux', 1105, 20, 3, 1),
(973, 2, 2, 'Tempsoft', 1434, 21, 1, 2),
(974, 2, 7, 'Alphazap', 1345, 20, 3, 4),
(975, 6, 8, 'Viva', 1629, 20, 3, 3),
(976, 1, 5, 'Trippledex', 2260, 17, 2, 3),
(977, 5, 4, 'Tampflex', 962, 19, 2, 2),
(978, 7, 9, 'Zoolab', 2142, 17, 3, 3),
(979, 5, 11, 'Tempsoft', 1848, 15, 1, 2),
(980, 1, 10, 'Bamity', 1921, 20, 2, 4),
(981, 1, 10, 'Lotlux', 2082, 13, 2, 3),
(982, 2, 9, 'Ronstring', 547, 19, 1, 3),
(983, 4, 9, 'Andalax', 2667, 26, 1, 4),
(984, 6, 9, 'Home Ing', 1921, 23, 3, 2),
(985, 4, 4, 'Regrant', 1668, 21, 1, 1),
(986, 4, 5, 'Quo Lux', 582, 19, 3, 2),
(987, 1, 3, 'Y-Solowarm', 2995, 21, 2, 2),
(988, 5, 2, 'Zoolab', 1422, 24, 1, 1),
(989, 4, 10, 'Fixflex', 734, 15, 2, 3),
(990, 7, 8, 'Y-find', 2943, 15, 2, 4),
(991, 1, 6, 'Wrapsafe', 635, 22, 1, 2),
(992, 3, 2, 'Duobam', 1219, 26, 1, 1),
(993, 4, 1, 'Tempsoft', 2570, 18, 2, 2),
(994, 1, 6, 'Bytecard', 2361, 14, 2, 1),
(995, 6, 4, 'Vagram', 2511, 27, 3, 3),
(996, 7, 9, 'Bigtax', 1687, 16, 1, 1),
(997, 5, 5, 'Bitwolf', 870, 14, 1, 4),
(998, 2, 3, 'Stim', 1819, 13, 3, 4),
(999, 7, 10, 'Veribet', 1732, 20, 1, 3),
(1000, 6, 7, 'Latlux', 2484, 20, 2, 3);

-- --------------------------------------------------------

--
-- Struktura tabulky `ComputerType`
--

CREATE TABLE IF NOT EXISTS `ComputerType` (
  `TypeID` int(11) NOT NULL AUTO_INCREMENT,
  `Value` varchar(50) DEFAULT NULL,
  PRIMARY KEY (`TypeID`)
) ENGINE=InnoDB  DEFAULT CHARSET=latin1 AUTO_INCREMENT=4 ;

--
-- Vypisuji data pro tabulku `ComputerType`
--

INSERT INTO `ComputerType` (`TypeID`, `Value`) VALUES
(1, 'Laptop'),
(2, 'Desktop'),
(3, 'Netbook');

-- --------------------------------------------------------

--
-- Struktura tabulky `Country`
--

CREATE TABLE IF NOT EXISTS `Country` (
  `CountryID` int(11) NOT NULL AUTO_INCREMENT,
  `Name` varchar(50) DEFAULT NULL,
  PRIMARY KEY (`CountryID`)
) ENGINE=InnoDB  DEFAULT CHARSET=latin1 AUTO_INCREMENT=12 ;

--
-- Vypisuji data pro tabulku `Country`
--

INSERT INTO `Country` (`CountryID`, `Name`) VALUES
(1, 'Slovakia'),
(2, 'Czech Republic'),
(3, 'United States'),
(4, 'China'),
(5, 'Taiwan'),
(6, 'Malaysia'),
(7, 'Poland'),
(8, 'Germany'),
(9, 'France'),
(10, 'Canada'),
(11, 'Russia');

-- --------------------------------------------------------

--
-- Struktura tabulky `Status`
--

CREATE TABLE IF NOT EXISTS `Status` (
  `StatusID` int(11) NOT NULL AUTO_INCREMENT,
  `Value` varchar(50) DEFAULT NULL,
  PRIMARY KEY (`StatusID`)
) ENGINE=InnoDB  DEFAULT CHARSET=latin1 AUTO_INCREMENT=5 ;

--
-- Vypisuji data pro tabulku `Status`
--

INSERT INTO `Status` (`StatusID`, `Value`) VALUES
(1, 'New'),
(2, 'Refurbished'),
(3, 'Used'),
(4, 'Broken');

--
-- Omezení pro exportované tabulky
--

--
-- Omezení pro tabulku `Computer`
--
ALTER TABLE `Computer`
  ADD CONSTRAINT `fk_brandId` FOREIGN KEY (`BrandID`) REFERENCES `Brand` (`BrandID`),
  ADD CONSTRAINT `fk_madeIn` FOREIGN KEY (`MadeIn`) REFERENCES `Country` (`CountryID`),
  ADD CONSTRAINT `fk_status` FOREIGN KEY (`Status`) REFERENCES `Status` (`StatusID`),
  ADD CONSTRAINT `fk_type` FOREIGN KEY (`Type`) REFERENCES `ComputerType` (`TypeID`);

/*!40101 SET CHARACTER_SET_CLIENT=@OLD_CHARACTER_SET_CLIENT */;
/*!40101 SET CHARACTER_SET_RESULTS=@OLD_CHARACTER_SET_RESULTS */;
/*!40101 SET COLLATION_CONNECTION=@OLD_COLLATION_CONNECTION */;
